{
    "1629557497.9718754": {
        "acc": 0.7004146575927734
    },
    "1629557512.4918623": {
        "acc": 0.7004146575927734
    }
}